{"price_index": [{"area": "서울 강남구", "index": 124.0529785416, "change": 0.29956882809999286, "rate": 0.2420691508973538, "change_2w": 0.795255635700002, "rate_2w": 0.6451974099076395, "change_3w": 1.3993017253999938, "rate_3w": 1.1408559137586123, "change_4w": 2.3022980159999946, "rate_4w": 1.8909939608229953, "indices": [121.7506805256, 122.6536768162, 123.2577229059, 123.7534097135, 124.0529785416]}]}