{"price_index": [{"area": "서울 강남구", "index": 123.7534097135, "change": 0.49568680760000916, "rate": 0.4021547663820115, "change_2w": 1.099732897300001, "rate_2w": 0.8966163313212221, "change_3w": 2.0027291879000018, "rate_3w": 1.6449429105892317, "change_4w": 2.457496360200011, "rate_4w": 2.026033929965994, "indices": [121.2959133533, 121.7506805256, 122.6536768162, 123.2577229059, 123.7534097135]}]}